id;street_address;postal_code;city;state_province
1;against beneath pike;how um scary;Virginieport;since satirise
2;league;where;Vancefort;ripe
3;underneath;equally;West Tobyhaven;save abaft hungrily
4;furthermore fully before;enthusiastically gladly honesty;Lednerbury;towards import heavily
5;onto for excluding;lest;Pedroton;despite
6;numb;frightened;Fort Hallieville;frequent accessorise where
7;granular;lobotomise;West Alfred;finally
8;sans;unless;Kovacekburgh;captain
9;now term joshingly;until never circa;West Makenna;analyse duh before
10;gosh;near meanwhile;Port Amiraville;dreamily
